{"sections":{"main":{"type":"main-page","disabled":true,"settings":{"padding_top":36,"padding_bottom":36}},"about_us_DWKbTQ":{"type":"about-us","blocks":{"benefit_miRxni":{"type":"benefit","settings":{"icon_image":"shopify:\/\/shop_images\/book_1.png","title":"High Quality","description":"We deliver the best quality products at great value."}},"benefit_KAjthh":{"type":"benefit","settings":{"icon_image":"shopify:\/\/shop_images\/books.png","title":"High Quality","description":"We deliver the best quality products at great value."}},"benefit_tpajTP":{"type":"benefit","settings":{"icon_image":"shopify:\/\/shop_images\/heart.png","title":"High Quality","description":"We deliver the best quality products at great value."}}},"block_order":["benefit_miRxni","benefit_KAjthh","benefit_tpajTP"],"name":"About Us","settings":{"show_main_heading":true,"main_heading":"Why Choose Us","bg_color":"#efecec"}}},"order":["main","about_us_DWKbTQ"]}