{"name":"t:sections.header.name","type":"header","sections":{"announcement-bar":{"type":"announcement-bar","blocks":{"announcement-bar-0":{"type":"announcement","settings":{"text":"CHOOSE YOUR VIBE","link":""}}},"block_order":["announcement-bar-0"],"settings":{"auto_rotate":false,"change_slides_speed":5,"color_scheme":"scheme-4","show_line_separator":true,"show_social":false,"enable_country_selector":false,"enable_language_selector":false}},"header":{"type":"header","settings":{}}},"order":["announcement-bar","header"]}