{"sections":{"collage-0":{"type":"collage","blocks":{"collection-0":{"type":"collection","settings":{"collection":"non-fictional"}},"collection_CAnBay":{"type":"collection","settings":{"collection":"mystore"}},"collection-1":{"type":"collection","settings":{"collection":"a-good-girls-guide-to-murder"}}},"block_order":["collection-0","collection_CAnBay","collection-1"],"disabled":true,"settings":{"heading":"","heading_size":"h2","desktop_layout":"right","mobile_layout":"collage","card_styles":"product-card-wrapper","color_scheme":"scheme-1","padding_top":36,"padding_bottom":0}},"rich_text":{"type":"hero-carousel-section","blocks":{"slide_WTkNMN":{"type":"slide","settings":{"slide_image":"shopify:\/\/shop_images\/Writing-Fiction-Books.webp","heading":"Choose your Vibe","subheading":"FICTION","cta_label":"Shop Now","cta_link":"shopify:\/\/collections\/a-good-girls-guide-to-murder"}},"slide_p8hThF":{"type":"slide","settings":{"slide_image":"shopify:\/\/shop_images\/Mystery.jpg","heading":"Choose your vibe","subheading":"MYSTERY","cta_label":"Shop Now","cta_link":"shopify:\/\/collections\/mystore"}},"slide_LG89F6":{"type":"slide","settings":{"slide_image":"shopify:\/\/shop_images\/Non-fictional.jpg","heading":"Choose your Vibe","subheading":"NON-FICTION","cta_label":"Shop Now","cta_link":"shopify:\/\/collections\/non-fictional"}},"slide_epxdK9":{"type":"slide","settings":{"slide_image":"shopify:\/\/shop_images\/Fantasy.jpg","heading":"Choose your Vibe","subheading":"FANTASY","cta_label":"Shop Now","cta_link":"shopify:\/\/collections\/fantasy"}},"heading":{"type":"slide","settings":{"slide_image":"shopify:\/\/shop_images\/Thriller.jpg","heading":"Choose Your Vibe","subheading":"THRILLER","cta_label":"Shop Now","cta_link":"shopify:\/\/collections\/thriller"}}},"block_order":["slide_WTkNMN","slide_p8hThF","slide_LG89F6","slide_epxdK9","heading"],"settings":{}},"collage_grid_NdBhEj":{"type":"collage-grid","blocks":{"category_U9TiFT":{"type":"category","settings":{"image":"shopify:\/\/shop_images\/Romance.jpg","title":"Romance","collection_url":"shopify:\/\/collections\/romance"}},"category_4rLLdy":{"type":"category","settings":{"image":"shopify:\/\/shop_images\/Fantasy.jpg","title":"Fantasy","collection_url":"shopify:\/\/collections\/fantasy"}},"category_berjcU":{"type":"category","settings":{"image":"shopify:\/\/shop_images\/Thriller.jpg","title":"Thriller","collection_url":"shopify:\/\/collections\/thriller"}}},"block_order":["category_U9TiFT","category_4rLLdy","category_berjcU"],"name":"Category Grid","settings":{}},"featured-collection":{"type":"featured-collection","settings":{"heading":"Available Books","collection":"recomment","pro_link":"shopify:\/\/products\/as-good-as-dead"}},"about_us_EUyDxw":{"type":"about-us","blocks":{"benefit_aNy8GY":{"type":"benefit","settings":{"icon_image":"shopify:\/\/shop_images\/book_1.png","title":"High Quality","description":"We deliver the best quality products at great value."}},"benefit_XKhNiR":{"type":"benefit","settings":{"icon_image":"shopify:\/\/shop_images\/heart.png","title":"24\/7 Support","description":"We deliver the best quality products at great value."}},"benefit_qUBnMN":{"type":"benefit","settings":{"icon_image":"shopify:\/\/shop_images\/books.png","title":"Low Price books","description":"We deliver the best quality products at great value."}}},"block_order":["benefit_aNy8GY","benefit_XKhNiR","benefit_qUBnMN"],"name":"About Us","settings":{"show_main_heading":true,"main_heading":"Why Choose Us","bg_color":"#efecec"}},"featured_reviews_FTeTCf":{"type":"featured-reviews","name":"Testimonials","settings":{"color_scheme":"scheme-2"}}},"order":["collage-0","rich_text","collage_grid_NdBhEj","featured-collection","about_us_EUyDxw","featured_reviews_FTeTCf"]}