{"sections":{"top_sellers_tYwkwc":{"type":"Top-sellers","blocks":{"top_seller_m9jUc3":{"type":"Top-seller","settings":{"icon_image":"shopify:\/\/shop_images\/Harry_potter_3f83a8ed-ccf7-4ade-a46e-33bde17453b4.webp","title":"Harry Potter","description":"Top 1 seller of this month.\nBy now"}},"top_seller_W7Rkiz":{"type":"Top-seller","settings":{"icon_image":"shopify:\/\/shop_images\/ThingsWeNeverGotOver.webp","title":"Things we Never Got","description":"Top 1 seller of this month.\nBy now"}},"top_seller_bf4pJF":{"type":"Top-seller","settings":{"icon_image":"shopify:\/\/shop_images\/NotQuiteDeadYet.webp","title":"Not Quite Dead Yet","description":"Top 1 seller of this month.\nBy now"}}},"block_order":["top_seller_m9jUc3","top_seller_W7Rkiz","top_seller_bf4pJF"],"name":"Top Sellers","settings":{"show_main_heading":true,"main_heading":"Top Sellers","bg_color":"#efecec"}},"main-collection-banner":{"type":"main-collection-banner","settings":{"show_collection_description":true,"show_collection_image":false,"color_scheme":"scheme-1"}},"main-collection-product-grid":{"type":"main-collection-product-grid","settings":{"bg_color":"linear-gradient(336deg, rgba(228, 76, 219, 0.61) 20%, rgba(255, 255, 255, 1) 41%, rgba(13, 13, 13, 1) 73.741%)"}}},"order":["top_sellers_tYwkwc","main-collection-banner","main-collection-product-grid"]}